Jugador,url
Aarón Escandell,https://www.futbolfantasy.com/jugadores/aaron-escandell
Abde Ezzalzouli,https://www.futbolfantasy.com/jugadores/abde-ezzalzouli
Abde Rebbach,https://www.futbolfantasy.com/jugadores/abde-rebbach
Abdel Abqar,https://www.futbolfantasy.com/jugadores/abdel-abqar
Abdon Prats,https://www.futbolfantasy.com/jugadores/abdon-prats
Abel Bretones,https://www.futbolfantasy.com/jugadores/abel-bretones
Abel Ruiz,https://www.futbolfantasy.com/jugadores/abel-ruiz
Abu Kamara,https://www.futbolfantasy.com/jugadores/abu-kamara
Adam Boayar,https://www.futbolfantasy.com/jugadores/adam-boayar
Adama Boiro,https://www.futbolfantasy.com/jugadores/adama-boiro
Adnan Januzaj,https://www.futbolfantasy.com/jugadores/adnan-januzaj
Adrià Altimira,https://www.futbolfantasy.com/jugadores/adria-altimira
Adrià Pedrosa,https://www.futbolfantasy.com/jugadores/adria-pedrosa
Adrián Liso,https://www.futbolfantasy.com/jugadores/adrian-liso
Adrián Molina,https://www.futbolfantasy.com/jugadores/adrian-molina
Adrián San Miguel,https://www.futbolfantasy.com/jugadores/adrian-san-miguel
Adrián de la Fuente,https://www.futbolfantasy.com/jugadores/adrian-de-la-fuente
Aihen Muñoz,https://www.futbolfantasy.com/jugadores/aihen-munoz
Aimar Blázquez,https://www.futbolfantasy.com/jugadores/aimar-blazquez
Aimar Oroz,https://www.futbolfantasy.com/jugadores/aimar-oroz
Aitor Fernández,https://www.futbolfantasy.com/jugadores/aitor-fernandez
Aitor Fraga,https://www.futbolfantasy.com/jugadores/aitor-fraga
Aitor Paredes,https://www.futbolfantasy.com/jugadores/aitor-paredes
Aitor Ruibal,https://www.futbolfantasy.com/jugadores/aitor-ruibal
Akor Adams,https://www.futbolfantasy.com/jugadores/akor-adams
Alan Matturro,https://www.futbolfantasy.com/jugadores/alan-matturro
Albert Niculaesei,https://www.futbolfantasy.com/jugadores/albert-niculaesei
Alberto Flores,https://www.futbolfantasy.com/jugadores/alberto-flores
Alberto Moleiro,https://www.futbolfantasy.com/jugadores/alberto-moleiro
Alberto Moreno,https://www.futbolfantasy.com/jugadores/alberto-moreno-1
Alberto Reina,https://www.futbolfantasy.com/jugadores/alberto-reina
Alberto Risco,https://www.futbolfantasy.com/jugadores/alberto-risco
Aleix Febas,https://www.futbolfantasy.com/jugadores/aleix-febas
Alejandro Balde,https://www.futbolfantasy.com/jugadores/alejandro-balde
Alejandro Catena,https://www.futbolfantasy.com/jugadores/alejandro-catena
Alejandro Francés,https://www.futbolfantasy.com/jugadores/alejandro-frances
Alejandro Iturbe,https://www.futbolfantasy.com/jugadores/alejandro-iturbe
Alejandro Panach,https://www.futbolfantasy.com/jugadores/alejandro-panach
Alejandro Primo,https://www.futbolfantasy.com/jugadores/alejandro-primo
Alejandro Rego,https://www.futbolfantasy.com/jugadores/alejandro-rego
Aleksandar Andreev,https://www.futbolfantasy.com/jugadores/aleksandar-andreev
Alemão,https://www.futbolfantasy.com/jugadores/alemo
Alex Forés,https://www.futbolfantasy.com/jugadores/alex-fores
Alex Lebarbier,https://www.futbolfantasy.com/jugadores/alex-lebarbier
Alex Marchal,https://www.futbolfantasy.com/jugadores/alex-marchal
Alex Padilla,https://www.futbolfantasy.com/jugadores/alex-padilla
Alexander Sorloth,https://www.futbolfantasy.com/jugadores/alexander-sorloth
Alexis Sánchez,https://www.futbolfantasy.com/jugadores/alexis-sanchez
Alfonso Espino,https://www.futbolfantasy.com/jugadores/alfonso-espino
Alfonso González,https://www.futbolfantasy.com/jugadores/alfonso-gonzalez
Alfonso Pedraza,https://www.futbolfantasy.com/jugadores/alfonso-pedraza
Ali Houary,https://www.futbolfantasy.com/jugadores/-ali-houary
Allan Nyom,https://www.futbolfantasy.com/jugadores/allan-nyom
Alvaro Rodríguez,https://www.futbolfantasy.com/jugadores/alvaro-rodriguez
Ander Barrenetxea,https://www.futbolfantasy.com/jugadores/ander-barrenetxea
Ander Guevara,https://www.futbolfantasy.com/jugadores/ander-guevara
Andoni Gorosabel,https://www.futbolfantasy.com/jugadores/andoni-gorosabel
Andreas Christensen,https://www.futbolfantasy.com/jugadores/andreas-christensen
Andrei Ratiu,https://www.futbolfantasy.com/jugadores/andrei-florin
Andriy Lunin,https://www.futbolfantasy.com/jugadores/andriy-lunin
André Almeida,https://www.futbolfantasy.com/jugadores/andre-almeida-1
André Silva,https://www.futbolfantasy.com/jugadores/andre-silva
Andrés Caro,https://www.futbolfantasy.com/jugadores/andres-caro-1
Andrés Castrín,https://www.futbolfantasy.com/jugadores/andres-castrin
Ante Budimir,https://www.futbolfantasy.com/jugadores/ante-budimir
Antoine Griezmann,https://www.futbolfantasy.com/jugadores/antoine-griezmann
Antonio Blanco,https://www.futbolfantasy.com/jugadores/antonio-blanco
Antonio Lato,https://www.futbolfantasy.com/jugadores/antonio-lato
Antonio Martínez Bastida,https://www.futbolfantasy.com/jugadores/antonio-martinez-bastida
Antonio Raíllo,https://www.futbolfantasy.com/jugadores/antonio-raillo
Antonio Rüdiger,https://www.futbolfantasy.com/jugadores/antonio-rudiger
Antonio Salguero,https://www.futbolfantasy.com/jugadores/antonio-salguero
Antonio Sivera,https://www.futbolfantasy.com/jugadores/antonio-sivera
Antonio Sánchez,https://www.futbolfantasy.com/jugadores/antonio-sanchez
Antoniu Roca,https://www.futbolfantasy.com/jugadores/antoniu-roca
Antony,https://www.futbolfantasy.com/jugadores/antony
Arda Güler,https://www.futbolfantasy.com/jugadores/arda-gler
Aritz Elustondo,https://www.futbolfantasy.com/jugadores/aritz-elustondo
Arnau Martínez,https://www.futbolfantasy.com/jugadores/arnau-martinez
Arnau Tenas,https://www.futbolfantasy.com/jugadores/arnau-tenas
Arnaut Danjuma,https://www.futbolfantasy.com/jugadores/arnaut-danjuma
Arsen Zakharyan,https://www.futbolfantasy.com/jugadores/arsen-zakharyan
Asier Hierro,https://www.futbolfantasy.com/jugadores/asier-hierro
Asier Osambela,https://www.futbolfantasy.com/jugadores/asier-osambela
Augusto Batalla,https://www.futbolfantasy.com/jugadores/augusto-batalla
Aurélien Tchouaméni,https://www.futbolfantasy.com/jugadores/aurelien-tchouameni
Axel Witsel,https://www.futbolfantasy.com/jugadores/axel-witsel
Aymeric Laporte,https://www.futbolfantasy.com/jugadores/aymeric-laporte
Ayoze Pérez,https://www.futbolfantasy.com/jugadores/ayoze-perez
Azzedine Ounahi,https://www.futbolfantasy.com/jugadores/azzedine-ounahi
Bambo Diaby,https://www.futbolfantasy.com/jugadores/bambo-diaby
Baptiste Santamaria,https://www.futbolfantasy.com/jugadores/baptiste-santamaria
Batista Mendy,https://www.futbolfantasy.com/jugadores/batista-mendy
Beñat Prados,https://www.futbolfantasy.com/jugadores/benat-prados
Beñat Turrientes,https://www.futbolfantasy.com/jugadores/benat-turrientes
Bojan Miovski,https://www.futbolfantasy.com/jugadores/bojan-miovski
Borja Iglesias,https://www.futbolfantasy.com/jugadores/borja-iglesias
Borja Mayoral,https://www.futbolfantasy.com/jugadores/borja-mayoral
Borja Sánchez,https://www.futbolfantasy.com/jugadores/borja-sanchez/laliga-25-26
Boyomo,https://www.futbolfantasy.com/jugadores/boyomo
Brahim Díaz,https://www.futbolfantasy.com/jugadores/brahim-diaz
Brais Méndez,https://www.futbolfantasy.com/jugadores/brais-mendez
Brandon Dominguès,https://www.futbolfantasy.com/jugadores/brandon-domingues
Bryan Gil,https://www.futbolfantasy.com/jugadores/bryan-gil
Bryan Zaragoza,https://www.futbolfantasy.com/jugadores/bryan-zaragoza
Calebe Gonçalves,https://www.futbolfantasy.com/jugadores/calebe-goncalves
Carl Starfelt,https://www.futbolfantasy.com/jugadores/carl-starfelt
Carles Aleñá,https://www.futbolfantasy.com/jugadores/carles-alena
Carlos Ballestero,https://www.futbolfantasy.com/jugadores/carlos-ballestero-1
Carlos Benavidez,https://www.futbolfantasy.com/jugadores/carlos-benavidez
Carlos Dominguez,https://www.futbolfantasy.com/jugadores/carlos-dominguez
Carlos Espí,https://www.futbolfantasy.com/jugadores/carlos-espi
Carlos Martín,https://www.futbolfantasy.com/jugadores/carlos-martin
Carlos Romero,https://www.futbolfantasy.com/jugadores/carlos-romero
Carlos Soler,https://www.futbolfantasy.com/jugadores/carlos-soler
Carlos Vicente,https://www.futbolfantasy.com/jugadores/carlos-vicente
Carlos Álvarez,https://www.futbolfantasy.com/jugadores/carlos-lvarez
Cayetano Romero,https://www.futbolfantasy.com/jugadores/cayetano-romero
Charles Pickel,https://www.futbolfantasy.com/jugadores/charles-pickel
Cheli Pereda,https://www.futbolfantasy.com/jugadores/cheli-pereda
Chidera Ejuke,https://www.futbolfantasy.com/jugadores/chidera-ejuke
Chimy Ávila,https://www.futbolfantasy.com/jugadores/ezequiel-avila
Christantus Uche,https://www.futbolfantasy.com/jugadores/chrisantus-uche/laliga-25-26
Christian Stuani,https://www.futbolfantasy.com/jugadores/christian-stuani
Clemens Riedel,https://www.futbolfantasy.com/jugadores/clemens-riedel
Clément Lenglet,https://www.futbolfantasy.com/jugadores/clement-lenglet
Coba Gomes,https://www.futbolfantasy.com/jugadores/coba-gomes
Conor Gallagher,https://www.futbolfantasy.com/jugadores/conor-gallagher
Cristian Portu,https://www.futbolfantasy.com/jugadores/cristian-portu
Cristian Rivero,https://www.futbolfantasy.com/jugadores/cristian-rivero
Cucho Hernández,https://www.futbolfantasy.com/jugadores/cucho-hernandez
Cédric Bakambu,https://www.futbolfantasy.com/jugadores/cedric-bakambu
César Azpilicueta,https://www.futbolfantasy.com/jugadores/cesar-azpilicueta
César Tárrega,https://www.futbolfantasy.com/jugadores/cesar-tarrega
Dakonam Djené,https://www.futbolfantasy.com/jugadores/dakonam-djene
Daley Blind,https://www.futbolfantasy.com/jugadores/daley-blind
Damián Rodríguez,https://www.futbolfantasy.com/jugadores/damian-rodriguez
Dani Calvo,https://www.futbolfantasy.com/jugadores/dani-calvo
Dani Ceballos,https://www.futbolfantasy.com/jugadores/dani-ceballos
Dani Cárdenas,https://www.futbolfantasy.com/jugadores/dani-cardenas
Dani Olmo,https://www.futbolfantasy.com/jugadores/dani-olmo
Dani Parejo,https://www.futbolfantasy.com/jugadores/dani-parejo
Dani Pérez,https://www.futbolfantasy.com/jugadores/dani-perez
Dani Rodríguez,https://www.futbolfantasy.com/jugadores/dani-rodriguez
Dani Vivian,https://www.futbolfantasy.com/jugadores/dani-vivian
Daniel Carvajal,https://www.futbolfantasy.com/jugadores/daniel-carvajal
Daniel Luna,https://www.futbolfantasy.com/jugadores/daniel-luna/laliga-25-26
Daniel Raba,https://www.futbolfantasy.com/jugadores/daniel-raba
Darling Bladi,https://www.futbolfantasy.com/jugadores/darling-bladi
David Affengruber,https://www.futbolfantasy.com/jugadores/david-affengruber
David Alaba,https://www.futbolfantasy.com/jugadores/david-alaba
David Carmo,https://www.futbolfantasy.com/jugadores/david-carmo
David Costas,https://www.futbolfantasy.com/jugadores/david-costas
David Delgado,https://www.futbolfantasy.com/jugadores/david-delgado
David Hancko,https://www.futbolfantasy.com/jugadores/david-hancko
David Jiménez,https://www.futbolfantasy.com/jugadores/david-jimenez
David López,https://www.futbolfantasy.com/jugadores/658-david-lopez
David López,https://www.futbolfantasy.com/jugadores/david-lopez-1
David Otorbi,https://www.futbolfantasy.com/jugadores/david-otorbi
David Soria,https://www.futbolfantasy.com/jugadores/david-soria
Davinchi,https://www.futbolfantasy.com/jugadores/davinchi
Dawda Camara,https://www.futbolfantasy.com/jugadores/dawda-camara/laliga-25-26
Dean Huijsen,https://www.futbolfantasy.com/jugadores/dean-huijsen
Denis Suárez,https://www.futbolfantasy.com/jugadores/denis-suarez
Diego Conde,https://www.futbolfantasy.com/jugadores/diego-conde
Diego Ferrer,https://www.futbolfantasy.com/jugadores/diego-ferrer
Diego Javier Llorente,https://www.futbolfantasy.com/jugadores/diego-javier-llorente
Diego Kochen,https://www.futbolfantasy.com/jugadores/diego-kochen
Diego López,https://www.futbolfantasy.com/jugadores/diego-lopez-1
Diego Morcillo,https://www.futbolfantasy.com/jugadores/diego-morcillo
Diego Pampín,https://www.futbolfantasy.com/jugadores/diego-pampin
Diego Rico,https://www.futbolfantasy.com/jugadores/diego-rico
Dimitri Foulquier,https://www.futbolfantasy.com/jugadores/dimitri-foulquier
Dimitrios Stamatakis,https://www.futbolfantasy.com/jugadores/dimitrios-stamatakis
Djibril Sow,https://www.futbolfantasy.com/jugadores/djibril-sow
Dodi Lukebakio,https://www.futbolfantasy.com/jugadores/dodi-lukebakio/laliga-25-26
Domingos Duarte,https://www.futbolfantasy.com/jugadores/domingos-duarte
Dominik Livakovic,https://www.futbolfantasy.com/jugadores/dominik-livakovic
Donny van de Beek,https://www.futbolfantasy.com/jugadores/donny-van-de-beek
Dro Fernández,https://www.futbolfantasy.com/jugadores/dro-fernandez
Duje Caleta-Car,https://www.futbolfantasy.com/jugadores/duje-caleta-car
Eder Aller,https://www.futbolfantasy.com/jugadores/eder-aller
Edu Altozano,https://www.futbolfantasy.com/jugadores/edu-altozano
Edu Expósito,https://www.futbolfantasy.com/jugadores/edu-exposito
Eduardo Camavinga,https://www.futbolfantasy.com/jugadores/eduardo-camavinga
Egoitz Arana,https://www.futbolfantasy.com/jugadores/egoitz-arana
Egoitz Muñoz,https://www.futbolfantasy.com/jugadores/egoitz-munoz
Endrick,https://www.futbolfantasy.com/jugadores/endrick
Eray Cömert,https://www.futbolfantasy.com/jugadores/eray-cmert
Eric Bailly,https://www.futbolfantasy.com/jugadores/eric-bertrand-bailly
Eric García,https://www.futbolfantasy.com/jugadores/eric-garcia
Etta Eyong,https://www.futbolfantasy.com/jugadores/etta-eyong
Facundo Garcés,https://www.futbolfantasy.com/jugadores/facundo-garces
Federico Redondo,https://www.futbolfantasy.com/jugadores/federico-redondo
Federico Valverde,https://www.futbolfantasy.com/jugadores/federico-valverde
Federico Viñas,https://www.futbolfantasy.com/jugadores/federico-vinas
Ferland Mendy,https://www.futbolfantasy.com/jugadores/ferland-mendy
Fermín López,https://www.futbolfantasy.com/jugadores/fermin-lopez
Fernando Calero,https://www.futbolfantasy.com/jugadores/fernando-calero
Ferran Jutglà,https://www.futbolfantasy.com/jugadores/ferran-jutgla
Ferrán Torres,https://www.futbolfantasy.com/jugadores/ferran-torres
Filip Ugrinic,https://www.futbolfantasy.com/jugadores/filip-ugrinic
Florian Lejeune,https://www.futbolfantasy.com/jugadores/florian-lejeune
Fran Beltrán,https://www.futbolfantasy.com/jugadores/fran-beltran
Fran García,https://www.futbolfantasy.com/jugadores/fran-garcia
Fran González,https://www.futbolfantasy.com/jugadores/fran-gonzalez-2
Fran Pérez,https://www.futbolfantasy.com/jugadores/fran-perez
Franco Cervi,https://www.futbolfantasy.com/jugadores/franco-cervi
Franco Mastantuono,https://www.futbolfantasy.com/jugadores/franco-mastantuono
Frenkie de Jong,https://www.futbolfantasy.com/jugadores/frenkie-de-jong
Fábio Cardoso,https://www.futbolfantasy.com/jugadores/fabio-cardoso
Gabriel Suazo,https://www.futbolfantasy.com/jugadores/gabriel-suazo
Georges Mikautadze,https://www.futbolfantasy.com/jugadores/georges-mikautadze
Gerard Gumbau,https://www.futbolfantasy.com/jugadores/gerard-gumbau
Gerard Martín,https://www.futbolfantasy.com/jugadores/gerard-martin
Gerard Moreno,https://www.futbolfantasy.com/jugadores/gerard-moreno
Germán García,https://www.futbolfantasy.com/jugadores/german-garcia
Germán Valera,https://www.futbolfantasy.com/jugadores/german-valera
Giacomo Raspadori,https://www.futbolfantasy.com/jugadores/giacomo-raspadori
Gibert Jordana,https://www.futbolfantasy.com/jugadores/gibert-jordana
Giovani Lo Celso,https://www.futbolfantasy.com/jugadores/giovani-lo-celso
Giuliano Simeone,https://www.futbolfantasy.com/jugadores/giuliano-simeone
Goduine Koyalipou,https://www.futbolfantasy.com/jugadores/goduine-koyalipou
Gonzalo García,https://www.futbolfantasy.com/jugadores/gonzalo-garcia
Gonçalo Guedes,https://www.futbolfantasy.com/jugadores/goncalo-guedes
Gorka Guruzeta,https://www.futbolfantasy.com/jugadores/gorka-guruzeta
Grady Diangana,https://www.futbolfantasy.com/jugadores/grady-diangana
Grégoire Swiderski,https://www.futbolfantasy.com/jugadores/gregoire-swiderski-1
Guille Fernández,https://www.futbolfantasy.com/jugadores/guille-fernandez
Haissem Hassan,https://www.futbolfantasy.com/jugadores/haissem-hassan
Hamari Traoré,https://www.futbolfantasy.com/jugadores/hamari-traore/laliga-25-26
Horatiu Moldovan,https://www.futbolfantasy.com/jugadores/horatiu-moldovan
Hugo Duro,https://www.futbolfantasy.com/jugadores/hugo-duro
Hugo López,https://www.futbolfantasy.com/jugadores/hugo-lopez
Hugo Rincón,https://www.futbolfantasy.com/jugadores/hugo-rincon
Hugo Solozábal,https://www.futbolfantasy.com/jugadores/hugo-solozabal-1
Hugo Sotelo,https://www.futbolfantasy.com/jugadores/hugo-sotelo
Hugo Álvarez,https://www.futbolfantasy.com/jugadores/hugo-lvarez-
Héctor Bellerín,https://www.futbolfantasy.com/jugadores/hector-bellerin
Héctor Fort,https://www.futbolfantasy.com/jugadores/hector-fort
Iago Aspas,https://www.futbolfantasy.com/jugadores/iago-aspas
Ibon Sánchez,https://www.futbolfantasy.com/jugadores/ibon-sanchez
Igor Zubeldia,https://www.futbolfantasy.com/jugadores/igor-zubeldia
Iker Benito,https://www.futbolfantasy.com/jugadores/iker-benito
Iker Losada,https://www.futbolfantasy.com/jugadores/iker-losada
Iker Monreal,https://www.futbolfantasy.com/jugadores/iker-monreal
Iker Muñoz,https://www.futbolfantasy.com/jugadores/iker-munoz
Ilaix Moriba,https://www.futbolfantasy.com/jugadores/ilaix-moriba
Ilias Akhomach,https://www.futbolfantasy.com/jugadores/ilias-akhomach
Ilias Kostis,https://www.futbolfantasy.com/jugadores/ilias-kostis
Iliesse Salhi,https://www.futbolfantasy.com/jugadores/iliesse-salhi
Ilyas Chaira,https://www.futbolfantasy.com/jugadores/ilyas-chaira
Ionut Radu,https://www.futbolfantasy.com/jugadores/andrei-radu
Isaac Romero,https://www.futbolfantasy.com/jugadores/isaac-romero
Isi Palazón,https://www.futbolfantasy.com/jugadores/isi-palazon
Ismael Bekhoucha,https://www.futbolfantasy.com/jugadores/ismael-bekhoucha
Ismael Sierra,https://www.futbolfantasy.com/jugadores/ismael-sierra
Iván Balliu,https://www.futbolfantasy.com/jugadores/ivan-balliu
Iván Corralejo,https://www.futbolfantasy.com/jugadores/ivan-corralejo
Iván Cuéllar,https://www.futbolfantasy.com/jugadores/ivan-cuellar
Iván Martín,https://www.futbolfantasy.com/jugadores/ivan-martin
Iván Romero,https://www.futbolfantasy.com/jugadores/ivan-romero
Iván Villar,https://www.futbolfantasy.com/jugadores/ivan-villar
Iñaki Peña,https://www.futbolfantasy.com/jugadores/inaki-pena
Iñaki Williams,https://www.futbolfantasy.com/jugadores/inaki-williams
Iñigo Arguibide,https://www.futbolfantasy.com/jugadores/inigo-arguibide
Jairo Izquierdo,https://www.futbolfantasy.com/jugadores/jairo-izquierdo/laliga-25-26
Jan Oblak,https://www.futbolfantasy.com/jugadores/jan-oblak
Jan Salas,https://www.futbolfantasy.com/jugadores/jan-salas/laliga-25-26
Jan Virgili,https://www.futbolfantasy.com/jugadores/jan-virgili
Jano Monserrate,https://www.futbolfantasy.com/jugadores/jano-monserrate
Javi Galán,https://www.futbolfantasy.com/jugadores/javi-galan
Javi Guerra,https://www.futbolfantasy.com/jugadores/javi-guerra-1
Javi Llabrés,https://www.futbolfantasy.com/jugadores/javi-llabres
Javi López,https://www.futbolfantasy.com/jugadores/javi-lopez-1
Javi Muñoz,https://www.futbolfantasy.com/jugadores/javi-munoz
Javi Puado,https://www.futbolfantasy.com/jugadores/javi-puado
Javi Rodríguez,https://www.futbolfantasy.com/jugadores/javi-rodriguez
Javi Rueda,https://www.futbolfantasy.com/jugadores/javi-rueda
Javier Hernández,https://www.futbolfantasy.com/jugadores/javier-hernandez
Javier Navarro,https://www.futbolfantasy.com/jugadores/javier-navarro
Javier Olaizola,https://www.futbolfantasy.com/jugadores/javier-olaizola
Javier Sarasa,https://www.futbolfantasy.com/jugadores/javier-sarasa
Jean Ives Valou,https://www.futbolfantasy.com/jugadores/jean-ives-valou
Jeremy Toljan,https://www.futbolfantasy.com/jugadores/jeremy-toljan
Jesús Areso,https://www.futbolfantasy.com/jugadores/jesus-areso
Jesús Vázquez,https://www.futbolfantasy.com/jugadores/jesus-vazquez-1
Jhon Solís,https://www.futbolfantasy.com/jugadores/jhon-solis
Jiri Letácek,https://www.futbolfantasy.com/jugadores/jiri-letacek
Joan Garcia,https://www.futbolfantasy.com/jugadores/joan-garcia
Joan Jordan,https://www.futbolfantasy.com/jugadores/joan-jordan
Joan Ruiz,https://www.futbolfantasy.com/jugadores/joan-ruiz
Joaquín Oso,https://www.futbolfantasy.com/jugadores/joaquin-oso
Joel Roca,https://www.futbolfantasy.com/jugadores/joel-roca
Jofre Carreras,https://www.futbolfantasy.com/jugadores/jofre-carreras
Jofre Torrents,https://www.futbolfantasy.com/jugadores/jofre-torrents
Johan Mojica,https://www.futbolfantasy.com/jugadores/johan-mojica
John Chetauya,https://www.futbolfantasy.com/jugadores/john-nwankwo
Johnny Cardoso,https://www.futbolfantasy.com/jugadores/johnny-cardoso
Jon Ander Olasagasti,https://www.futbolfantasy.com/jugadores/jon-ander-olasagasti
Jon Aramburu,https://www.futbolfantasy.com/jugadores/jon-aramburu
Jon Gorrotxategi,https://www.futbolfantasy.com/jugadores/jon-gorrotxategi
Jon Guridi,https://www.futbolfantasy.com/jugadores/jon-guridi
Jon Karrikaburu,https://www.futbolfantasy.com/jugadores/jon-karrikaburu
Jon Martín,https://www.futbolfantasy.com/jugadores/jon-martin
Jon Moncayola,https://www.futbolfantasy.com/jugadores/jon-moncayola
Jon Pacheco,https://www.futbolfantasy.com/jugadores/jon-pacheco
Jon de Luis,https://www.futbolfantasy.com/jugadores/jon-de-luis
Jones El-Abdellaoui,https://www.futbolfantasy.com/jugadores/jones-el-abdellaoui
Jonny Castro,https://www.futbolfantasy.com/jugadores/jonny-castro
Jorge Benito,https://www.futbolfantasy.com/jugadores/jorge-benito
Jorge Cabello,https://www.futbolfantasy.com/jugadores/jorge-cabello
Jorge Herrando,https://www.futbolfantasy.com/jugadores/jorge-herrando
Jorge de Frutos,https://www.futbolfantasy.com/jugadores/jorge-de-frutos
Josan Ferrández,https://www.futbolfantasy.com/jugadores/josan
Joselu Pérez,https://www.futbolfantasy.com/jugadores/joselu-perez
Joseph Aidoo,https://www.futbolfantasy.com/jugadores/joseph-aidoo
Josip Brekalo,https://www.futbolfantasy.com/jugadores/josip-brekalo
José Gayà,https://www.futbolfantasy.com/jugadores/jose-gaya
José Luis Morales,https://www.futbolfantasy.com/jugadores/jose-luis-morales
José Manuel Copete,https://www.futbolfantasy.com/jugadores/jose-manuel-copete
José María Giménez,https://www.futbolfantasy.com/jugadores/jose-maria-gimenez
José Salinas,https://www.futbolfantasy.com/jugadores/jose-salinas
José Ángel Carmona,https://www.futbolfantasy.com/jugadores/jose-ngel-carmona
Jozhua Vertrouwd,https://www.futbolfantasy.com/jugadores/jozhua-vertrouwd
Juan Carlos Martín,https://www.futbolfantasy.com/jugadores/juan-carlos-martin
Juan Cruz,https://www.futbolfantasy.com/jugadores/juan-cruz-1
Juan Foyth,https://www.futbolfantasy.com/jugadores/juan-foyth
Juan Hernández,https://www.futbolfantasy.com/jugadores/juan-hernandez-1
Juan Iglesias,https://www.futbolfantasy.com/jugadores/juan-iglesias
Juan Musso,https://www.futbolfantasy.com/jugadores/juan-musso
Juanlu Sánchez,https://www.futbolfantasy.com/jugadores/juanlu-sanchez
Juanmi Jiménez,https://www.futbolfantasy.com/jugadores/juanmi-jimenez
Juanpe Gil,https://www.futbolfantasy.com/jugadores/juanpe-gil
Jude Bellingham,https://www.futbolfantasy.com/jugadores/jude-bellingham
Julen Agirrezabala,https://www.futbolfantasy.com/jugadores/julen-agirrezabala
Jules Koundé,https://www.futbolfantasy.com/jugadores/jules-kounde
Julián Álvarez,https://www.futbolfantasy.com/jugadores/julian-lvarez
Junior Firpo,https://www.futbolfantasy.com/jugadores/junior-firpo
Karl Etta Eyong,https://www.futbolfantasy.com/jugadores/etta-eyong
Kervin Arriaga,https://www.futbolfantasy.com/jugadores/kervin-arriaga
Kike Barja,https://www.futbolfantasy.com/jugadores/kike-barja
Kike García,https://www.futbolfantasy.com/jugadores/kike-garcia
Kike Salas,https://www.futbolfantasy.com/jugadores/kike-salas
Kiko Femenia,https://www.futbolfantasy.com/jugadores/kiko-femenia
Koke Resurrección,https://www.futbolfantasy.com/jugadores/koke-resurreccion
Kwasi Sibo,https://www.futbolfantasy.com/jugadores/kwasi-sibo
Kylian Mbappé,https://www.futbolfantasy.com/jugadores/kylian-mbappe
Ladislav Krejcí,https://www.futbolfantasy.com/jugadores/ladislav-krejci/laliga-25-26
Lamine Gueye,https://www.futbolfantasy.com/jugadores/lamine-gueye
Lamine Yamal,https://www.futbolfantasy.com/jugadores/lamine-yamal
Lander Pinillos,https://www.futbolfantasy.com/jugadores/lander-pinillos
Largie Ramazani,https://www.futbolfantasy.com/jugadores/largie-ramazani
Lass Kourouma,https://www.futbolfantasy.com/jugadores/lass-kourouma
Leander Dendoncker,https://www.futbolfantasy.com/jugadores/leander-dendoncker
Leandro Cabrera,https://www.futbolfantasy.com/jugadores/leandro-cabrera
Leo Román,https://www.futbolfantasy.com/jugadores/leo-roman
Luca Koleosho,https://www.futbolfantasy.com/jugadores/luca-warrick
Lucas Ahijado,https://www.futbolfantasy.com/jugadores/lucas-ahijado
Lucas Beltrán,https://www.futbolfantasy.com/jugadores/lucas-beltran
Lucas Bergstrom,https://www.futbolfantasy.com/jugadores/lucas-bergstrom
Lucas Boyé,https://www.futbolfantasy.com/jugadores/lucas-boye
Lucas Laso,https://www.futbolfantasy.com/jugadores/lucas-laso
Lucas Núñez,https://www.futbolfantasy.com/jugadores/lucas-nunez
Lucas Torró,https://www.futbolfantasy.com/jugadores/lucas-torro
Lucien Agoume,https://www.futbolfantasy.com/jugadores/lucien-agoume
Luis Milla,https://www.futbolfantasy.com/jugadores/luis-milla
Luis Rioja,https://www.futbolfantasy.com/jugadores/luis-rioja
Luiz Felipe,https://www.futbolfantasy.com/jugadores/luiz-felipe
Luiz Junior,https://www.futbolfantasy.com/jugadores/luiz-junior
Luka Ilic,https://www.futbolfantasy.com/jugadores/luka-ilic
Luka Sucic,https://www.futbolfantasy.com/jugadores/luka-sucic
Luken Beitia,https://www.futbolfantasy.com/jugadores/luken-beitia
Léo Pétrot,https://www.futbolfantasy.com/jugadores/leo-petrot
Mahamoud Barry,https://www.futbolfantasy.com/jugadores/mahamoud-barry
Manor Solomon,https://www.futbolfantasy.com/jugadores/manor-solomon
Manu Bueno,https://www.futbolfantasy.com/jugadores/manu-bueno
Manu Fernández,https://www.futbolfantasy.com/jugadores/manu-fernandez-1
Manu González,https://www.futbolfantasy.com/jugadores/manu-gonzalez
Manu Sánchez,https://www.futbolfantasy.com/jugadores/manu-sanchez
Manuel Morlanes,https://www.futbolfantasy.com/jugadores/manuel-morlanes
Marash Kumbulla,https://www.futbolfantasy.com/jugadores/marash-kumbulla
Marc Aguado,https://www.futbolfantasy.com/jugadores/marc-aguado
Marc Bartra,https://www.futbolfantasy.com/jugadores/marc-bartra
Marc Bernal,https://www.futbolfantasy.com/jugadores/marc-bernal
Marc Casadó,https://www.futbolfantasy.com/jugadores/marc-casado
Marc Doménech,https://www.futbolfantasy.com/jugadores/marc-domenech
Marc Pubill,https://www.futbolfantasy.com/jugadores/marc-pubill
Marc Roca,https://www.futbolfantasy.com/jugadores/marc-roca
Marc Vidal,https://www.futbolfantasy.com/jugadores/marc-vidal
Marc Vilaplana,https://www.futbolfantasy.com/jugadores/marc-vilaplana
Marco Esteban,https://www.futbolfantasy.com/jugadores/marco-esteban
Marco de la Sías,https://www.futbolfantasy.com/jugadores/marco-de-la-sias
Marcos Alonso,https://www.futbolfantasy.com/jugadores/marcos-alonso
Marcos Llorente,https://www.futbolfantasy.com/jugadores/marcos-llorente
Marcos Navarro,https://www.futbolfantasy.com/jugadores/marcos-navarro-1
Marcus Rashford,https://www.futbolfantasy.com/jugadores/marcus-rashford
Marcão,https://www.futbolfantasy.com/jugadores/marcao
Mariano Díaz,https://www.futbolfantasy.com/jugadores/mariano-diaz
Mario Martín,https://www.futbolfantasy.com/jugadores/mario-martin
Marko Dmitrovic,https://www.futbolfantasy.com/jugadores/marko-dmitrovic
Maroan Sannadi,https://www.futbolfantasy.com/jugadores/maroan-sannadi
Martim Neto,https://www.futbolfantasy.com/jugadores/martim-neto
Martin Valjent,https://www.futbolfantasy.com/jugadores/martin-valjent
Martín Krug,https://www.futbolfantasy.com/jugadores/martin-krug
Martín Pedroarena,https://www.futbolfantasy.com/jugadores/martin-pedroarena
Mateo Joseph,https://www.futbolfantasy.com/jugadores/mateo-joseph
Mateu Morey,https://www.futbolfantasy.com/jugadores/mateu-morey
Mathew Ryan,https://www.futbolfantasy.com/jugadores/mat-ryan
Matteo Ruggeri,https://www.futbolfantasy.com/jugadores/matteo-ruggeri
Matías Dituro,https://www.futbolfantasy.com/jugadores/matias-dituro
Matías Moreno,https://www.futbolfantasy.com/jugadores/matias-moreno
Mauro Arambarri,https://www.futbolfantasy.com/jugadores/mauro-arambarri
Mauro Echegoyen,https://www.futbolfantasy.com/jugadores/mauro-echegoyen
Mawuli Mensah,https://www.futbolfantasy.com/jugadores/mawuli-mensah
Miguel Narvaez,https://www.futbolfantasy.com/jugadores/-miguel-narvaez
Miguel Román,https://www.futbolfantasy.com/jugadores/miguel-roman
Miguel Sierra,https://www.futbolfantasy.com/jugadores/miguel-sierra
Miguel Ángel Rubio,https://www.futbolfantasy.com/jugadores/miguel-ngel-rubio
Mihailo Ristic,https://www.futbolfantasy.com/jugadores/mihailo-risti
Mikel Goti,https://www.futbolfantasy.com/jugadores/mikel-goti
Mikel Jauregizar,https://www.futbolfantasy.com/jugadores/mikel-jauregizar
Mikel Oyarzabal,https://www.futbolfantasy.com/jugadores/mikel-oyarzabal
Mikel Santos,https://www.futbolfantasy.com/jugadores/mikel-santos
Mikel Vesga,https://www.futbolfantasy.com/jugadores/mikel-vesga
Moi Gómez,https://www.futbolfantasy.com/jugadores/moi-gomez
Mouctar Diakhaby,https://www.futbolfantasy.com/jugadores/mouctar-diakhaby
Mourad Daoudi,https://www.futbolfantasy.com/jugadores/mourad-daoudi/laliga-25-26
Moussa Diarra,https://www.futbolfantasy.com/jugadores/moussa-diarra-1
Mykyta Aleksandrov,https://www.futbolfantasy.com/jugadores/mykyta-aleksandrov
Nacho Pérez,https://www.futbolfantasy.com/jugadores/nacho-perez-1
Nacho Vidal,https://www.futbolfantasy.com/jugadores/nacho-vidal
Nahuel Molina,https://www.futbolfantasy.com/jugadores/nahuel-molina
Nahuel Tenaglia,https://www.futbolfantasy.com/jugadores/nahuel-tenaglia
Natan,https://www.futbolfantasy.com/jugadores/natan
Nelson Deossa,https://www.futbolfantasy.com/jugadores/nelson-deossa
Nemanja Gudelj,https://www.futbolfantasy.com/jugadores/nemanja-gudelj
Nico Serrano,https://www.futbolfantasy.com/jugadores/nico-serrano
Nico Williams,https://www.futbolfantasy.com/jugadores/nico-williams
Nicolas Pépé,https://www.futbolfantasy.com/jugadores/nicolas-pepe
Nicolás González,https://www.futbolfantasy.com/jugadores/nicolas-gonzalez
Nikola Maras,https://www.futbolfantasy.com/jugadores/nikola-maras
Nil Torreguitart,https://www.futbolfantasy.com/jugadores/nil-torreguitart
Nobel Mendy,https://www.futbolfantasy.com/jugadores/nobel-mendy
Odysseas Vlachodimos,https://www.futbolfantasy.com/jugadores/odysseas-vlachodimos
Oier Luengo,https://www.futbolfantasy.com/jugadores/oier-luengo
Oihan Sancet,https://www.futbolfantasy.com/jugadores/oihan-sancet
Omar El Hilali,https://www.futbolfantasy.com/jugadores/omar-el-hilali
Omar Falah,https://www.futbolfantasy.com/jugadores/omar-falah
Omar Mascarell,https://www.futbolfantasy.com/jugadores/omar-mascarell
Oriol Rey,https://www.futbolfantasy.com/jugadores/oriol-rey
Orri Steinn Óskarsson,https://www.futbolfantasy.com/jugadores/orri-steinn-skarsson
Ovie Ejaria,https://www.futbolfantasy.com/jugadores/ovie-ejaria
Pablo Agudín,https://www.futbolfantasy.com/jugadores/pablo-agudin
Pablo Barrios,https://www.futbolfantasy.com/jugadores/pablo-barrios
Pablo Campos,https://www.futbolfantasy.com/jugadores/pablo-campos
Pablo Durán,https://www.futbolfantasy.com/jugadores/pablo-duran
Pablo Fornals,https://www.futbolfantasy.com/jugadores/pablo-fornals
Pablo García,https://www.futbolfantasy.com/jugadores/pablo-garcia-1
Pablo Gavi,https://www.futbolfantasy.com/jugadores/pablo-gavi
Pablo Ibáñez,https://www.futbolfantasy.com/jugadores/pablo-ibanez
Pablo López,https://www.futbolfantasy.com/jugadores/pablo-lopez/laliga-25-26
Pablo Maffeo,https://www.futbolfantasy.com/jugadores/pablo-maffeo
Pablo Martínez,https://www.futbolfantasy.com/jugadores/pablo-martinez
Pablo Marín,https://www.futbolfantasy.com/jugadores/pablo-marin
Pablo Ramón,https://www.futbolfantasy.com/jugadores/pablo-ramon/laliga-25-26
Pablo Torre,https://www.futbolfantasy.com/jugadores/pablo-torre
Paco Cortés,https://www.futbolfantasy.com/jugadores/paco-cortes/laliga-25-26
Papa Dame Ba,https://www.futbolfantasy.com/jugadores/papa-dame-ba
Pape Gueye,https://www.futbolfantasy.com/jugadores/pape-gueye
Pathé Ciss,https://www.futbolfantasy.com/jugadores/pathe-ciss
Pau Cabanes,https://www.futbolfantasy.com/jugadores/pau-cabanes
Pau Cubarsí,https://www.futbolfantasy.com/jugadores/pau-cubarsi
Pau López,https://www.futbolfantasy.com/jugadores/pau-lopez
Pau Navarro,https://www.futbolfantasy.com/jugadores/pau-navarro
Paulo Gazzaniga,https://www.futbolfantasy.com/jugadores/paulo-gazzaniga
Pedri González,https://www.futbolfantasy.com/jugadores/pedri-gonzalez
Pedro Bigas,https://www.futbolfantasy.com/jugadores/pedro-bigas
Pedro Díaz,https://www.futbolfantasy.com/jugadores/pedro-diaz
Pelayo Fernández,https://www.futbolfantasy.com/jugadores/pelayo-fernandez/laliga-25-26
Pep Chavarría,https://www.futbolfantasy.com/jugadores/pep-chavarria
Pepelu,https://www.futbolfantasy.com/jugadores/pepelu
Peque,https://www.futbolfantasy.com/jugadores/peque
Pere Milla,https://www.futbolfantasy.com/jugadores/pere-milla
Peter González,https://www.futbolfantasy.com/jugadores/peter-gonzalez/laliga-25-26
Pol Arnau,https://www.futbolfantasy.com/jugadores/pol-arnau
Pol Lozano,https://www.futbolfantasy.com/jugadores/pol-lozano
Pol Tristan,https://www.futbolfantasy.com/jugadores/pol-tristan
Rafa Marín,https://www.futbolfantasy.com/jugadores/rafa-marin
Rafa Mir,https://www.futbolfantasy.com/jugadores/rafa-mir
Rafael Romero,https://www.futbolfantasy.com/jugadores/rafael-romero
Rafel Bauzà,https://www.futbolfantasy.com/jugadores/rafel-bauza/laliga-25-26
Rahim Alhassane,https://www.futbolfantasy.com/jugadores/rahim-alhassane
Ramón Martínez,https://www.futbolfantasy.com/jugadores/ramon-martinez
Ramón Terrats,https://www.futbolfantasy.com/jugadores/terrats
Randy Nteka,https://www.futbolfantasy.com/jugadores/randy-nteka
Raphinha,https://www.futbolfantasy.com/jugadores/raphinha
Raúl Asencio,https://www.futbolfantasy.com/jugadores/raul-asencio-1
Raúl Chasco,https://www.futbolfantasy.com/jugadores/raul-chasco
Raúl Fernández,https://www.futbolfantasy.com/jugadores/raul-fernandez
Raúl García,https://www.futbolfantasy.com/jugadores/raul-garcia-1
Renato Veiga,https://www.futbolfantasy.com/jugadores/renato-veiga
Ricardo Rodriguez,https://www.futbolfantasy.com/jugadores/ricardo-rodriguez
Robert Lewandowski,https://www.futbolfantasy.com/jugadores/robert-lewandowski
Robert Navarro,https://www.futbolfantasy.com/jugadores/robert-navarro
Roberto Fernández,https://www.futbolfantasy.com/jugadores/roberto-fernandez-1
Robin Le Normand,https://www.futbolfantasy.com/jugadores/robin-le-normand
Rodrigo Mendoza,https://www.futbolfantasy.com/jugadores/rodrigo-mendoza
Rodrigo Riquelme,https://www.futbolfantasy.com/jugadores/rodrigo-riquelme
Rodrygo Goes,https://www.futbolfantasy.com/jugadores/rodrygo-goes
Roger Brugué,https://www.futbolfantasy.com/jugadores/roger-brugue
Roger Hinojo,https://www.futbolfantasy.com/jugadores/roger-hinojo/laliga-25-26
Ronald Araújo,https://www.futbolfantasy.com/jugadores/ronald-araujo
Roony Bardghji,https://www.futbolfantasy.com/jugadores/roony-bardghji
Rubén García,https://www.futbolfantasy.com/jugadores/ruben-garcia
Rubén Gómez,https://www.futbolfantasy.com/jugadores/ruben-gomez-1
Rubén Iranzo,https://www.futbolfantasy.com/jugadores/ruben-iranzo
Rubén Sánchez,https://www.futbolfantasy.com/jugadores/ruben-sanchez-1
Rubén Vargas,https://www.futbolfantasy.com/jugadores/ruben-vargas
Rúben Montero,https://www.futbolfantasy.com/jugadores/ruben-montero
Salomón Rondón,https://www.futbolfantasy.com/jugadores/salomon-rondon
Salvi Esquivel,https://www.futbolfantasy.com/jugadores/salvi-esquivel
Samu Becerra,https://www.futbolfantasy.com/jugadores/samu-becerra
Samú Costa,https://www.futbolfantasy.com/jugadores/samu-almeida
Santi Cazorla,https://www.futbolfantasy.com/jugadores/santi-cazorla
Santi Comesaña,https://www.futbolfantasy.com/jugadores/santi-comesana
Santiago Colombatto,https://www.futbolfantasy.com/jugadores/santiago-colombatto
Santiago Mouriño,https://www.futbolfantasy.com/jugadores/santiago-mourino
Selton Sánchez,https://www.futbolfantasy.com/jugadores/selton-sanchez
Sergi Altimira,https://www.futbolfantasy.com/jugadores/sergi-altimira
Sergi Cardona,https://www.futbolfantasy.com/jugadores/sergi-cardona
Sergi Darder,https://www.futbolfantasy.com/jugadores/sergi-darder
Sergio Camello,https://www.futbolfantasy.com/jugadores/sergio-camello
Sergio Carreira,https://www.futbolfantasy.com/jugadores/sergio-carreira
Sergio Gómez,https://www.futbolfantasy.com/jugadores/sergio-gomez
Sergio Herrera,https://www.futbolfantasy.com/jugadores/sergio-herrera
Sergio Lozano,https://www.futbolfantasy.com/jugadores/sergio-lozano/laliga-25-26
Sergio Mestre,https://www.futbolfantasy.com/jugadores/sergio-mestre
Sheraldo Becker,https://www.futbolfantasy.com/jugadores/sheraldo-becker
Sofyan Amrabat,https://www.futbolfantasy.com/jugadores/sofyan-amrabat
Stanis Idumbo Muzambo,https://www.futbolfantasy.com/jugadores/stanis-idumbo-muzambo
Stole Dimitrievski,https://www.futbolfantasy.com/jugadores/stole-dimitrievski
Tajon Buchanan,https://www.futbolfantasy.com/jugadores/tajon-buchanan
Takefusa Kubo,https://www.futbolfantasy.com/jugadores/takefusa-kubo
Takuma Asano,https://www.futbolfantasy.com/jugadores/takuma-asano
Tanguy Nianzou,https://www.futbolfantasy.com/jugadores/tanguy-kouassi
Tani Oluwaseyi,https://www.futbolfantasy.com/jugadores/tani-oluwaseyi
Taufik Seidu,https://www.futbolfantasy.com/jugadores/taufik-seidu
Theo Folgado,https://www.futbolfantasy.com/jugadores/theo-folgado
Thiago Almada,https://www.futbolfantasy.com/jugadores/thiago-almada
Thiago Pitarch,https://www.futbolfantasy.com/jugadores/thiago-pitarch
Thibaut Courtois,https://www.futbolfantasy.com/jugadores/thibaut-courtois
Thierry Correia,https://www.futbolfantasy.com/jugadores/thierry-correia
Thomas Lemar,https://www.futbolfantasy.com/jugadores/thomas-lemar
Thomas Teye,https://www.futbolfantasy.com/jugadores/thomas-teye
Toni Fernández,https://www.futbolfantasy.com/jugadores/toni-fernandez
Toni Martinez,https://www.futbolfantasy.com/jugadores/antonio-martinez
Trent Alexander-Arnold,https://www.futbolfantasy.com/jugadores/trent-alexander-arnold
Tyrhys Dolan,https://www.futbolfantasy.com/jugadores/tyrhys-dolan
Umar Sadiq,https://www.futbolfantasy.com/jugadores/umar-sadiq
Unai Elgezabal,https://www.futbolfantasy.com/jugadores/unai-elgezabal
Unai Gómez,https://www.futbolfantasy.com/jugadores/unai-gomez
Unai López,https://www.futbolfantasy.com/jugadores/unai-lopez
Unai Marrero,https://www.futbolfantasy.com/jugadores/unai-marrero
Unai Simón,https://www.futbolfantasy.com/jugadores/unai-simon
Unai Vencedor,https://www.futbolfantasy.com/jugadores/unai-vencedor
Urko González de Zarate,https://www.futbolfantasy.com/jugadores/urko-gonzalez-de-zarate
Urko Izeta,https://www.futbolfantasy.com/jugadores/urko-izeta
Valentin Rosier,https://www.futbolfantasy.com/jugadores/valentin-rosier
Valentín Gómez,https://www.futbolfantasy.com/jugadores/valentin-gomez
Vedat Muriqi,https://www.futbolfantasy.com/jugadores/vedat-muriqi
Vicent Abril,https://www.futbolfantasy.com/jugadores/vicent-abril
Victor Parada,https://www.futbolfantasy.com/jugadores/victor-parada
Viktor Tsygankov,https://www.futbolfantasy.com/jugadores/viktor-tsygankov
Vinicius Junior,https://www.futbolfantasy.com/jugadores/vinicius-junior
Vitor Reis,https://www.futbolfantasy.com/jugadores/vitor-reis
Vladyslav Krapyvtsov,https://www.futbolfantasy.com/jugadores/vladyslav-krapyvtsov
Vladyslav Vanat,https://www.futbolfantasy.com/jugadores/vladyslav-vanat
Víctor Chust,https://www.futbolfantasy.com/jugadores/victor-chust
Víctor García,https://www.futbolfantasy.com/jugadores/victor-garcia-1
Víctor Muñoz,https://www.futbolfantasy.com/jugadores/victor-munoz
Williot Swedberg,https://www.futbolfantasy.com/jugadores/williot-swedberg
Wojciech Szczesny,https://www.futbolfantasy.com/jugadores/wojciech-szczesny
Xavi Espart,https://www.futbolfantasy.com/jugadores/xavi-espart
Yago Santiago,https://www.futbolfantasy.com/jugadores/yago-santiago
Yangel Herrera,https://www.futbolfantasy.com/jugadores/yangel-herrera
Yaser Asprilla,https://www.futbolfantasy.com/jugadores/yaser-asprilla
Yassin Tallal,https://www.futbolfantasy.com/jugadores/yassin-tallal
Yoel Lago,https://www.futbolfantasy.com/jugadores/yoel-lago
Youssef Enríquez,https://www.futbolfantasy.com/jugadores/youssef-enriquez
Yuri Berchiche,https://www.futbolfantasy.com/jugadores/yuri-berchiche
Yvan Neyou,https://www.futbolfantasy.com/jugadores/yvan-neyou
Yéremi Pino,https://www.futbolfantasy.com/jugadores/yeremi-pino/laliga-25-26
Álex Baena,https://www.futbolfantasy.com/jugadores/lex-baena
Álex Berenguer,https://www.futbolfantasy.com/jugadores/alex-berenguer
Álex Cardero,https://www.futbolfantasy.com/jugadores/lex-cardero/laliga-25-26
Álex Costa,https://www.futbolfantasy.com/jugadores/alex-costa
Álex Moreno,https://www.futbolfantasy.com/jugadores/alex-moreno
Álex Remiro,https://www.futbolfantasy.com/jugadores/alex-remiro
Álex Sancris,https://www.futbolfantasy.com/jugadores/lex-sancris
Álex Sola,https://www.futbolfantasy.com/jugadores/alex-ujia-sola/laliga-25-26
Álvaro F. Carreras,https://www.futbolfantasy.com/jugadores/lvaro-fernandez-1
Álvaro Fernández,https://www.futbolfantasy.com/jugadores/alvaro-fernandez
Álvaro García,https://www.futbolfantasy.com/jugadores/alvaro-garcia
Álvaro Núñez,https://www.futbolfantasy.com/jugadores/lvaro-nunez
Álvaro Odriozola,https://www.futbolfantasy.com/jugadores/alvaro-odriozola
Álvaro Valles,https://www.futbolfantasy.com/jugadores/alvaro-valles
Ángel Fortuño,https://www.futbolfantasy.com/jugadores/ngel-fortuno
Ángel Ortiz,https://www.futbolfantasy.com/jugadores/ngel-ortiz
Éder Militão,https://www.futbolfantasy.com/jugadores/der-milito
Íñigo Lekue,https://www.futbolfantasy.com/jugadores/inigo-lekue
Íñigo Ruiz de Galarreta,https://www.futbolfantasy.com/jugadores/inigo-ruiz-de-galarreta
Óscar Mingueza,https://www.futbolfantasy.com/jugadores/scar-mingueza
Óscar Trejo,https://www.futbolfantasy.com/jugadores/oscar-trejo
Óscar Valentín,https://www.futbolfantasy.com/jugadores/scar-valentin
Örjan Nyland,https://www.futbolfantasy.com/jugadores/rjan-nyland
